id	lg_id	name	code	province_id	district_id	_LEGACY_old_lg_id	centroid
LG-11001	LG-11001	Colombo MC	001	LK-1	LK-11	LG-11001	[6.921082, 79.866104]
LG-11002	LG-11002	Dehiwala Mount Lavinia MC	002	LK-1	LK-11	LG-11010	[6.839296, 79.877437]
LG-11003	LG-11003	Sri Jayawardenepura Kotte MC	003	LK-1	LK-11	LG-11009	[6.891056, 79.898758]
LG-11004	LG-11004	Moratuwa MC	004	LK-1	LK-11	LG-11011	[6.782673, 79.891096]
LG-11005	LG-11005	Kaduwela MC	005	LK-1	LK-11	LG-11004	[6.903622, 79.978318]
LG-11006	LG-11006	Kollonnawa UC	006	LK-1	LK-11	LG-11002	[6.93847, 79.888101]
LG-11007	LG-11007	Seethawakapura UC	007	LK-1	LK-11	LG-11007	[6.953717, 80.200385]
LG-11008	LG-11008	Maharagama UC	008	LK-1	LK-11	LG-11008	[6.856942, 79.942632]
LG-11009	LG-11009	Kesbewa UC	009	LK-1	LK-11	LG-11013	[6.795685, 79.933953]
LG-11010	LG-11010	Boralesgamuwa UC	010	LK-1	LK-11	LG-11012	[6.839184, 79.902693]
LG-11011	LG-11011	Kotikawatta Mulleriyawa PS	011	LK-1	LK-11	LG-11003	[6.933489, 79.9224]
LG-11012	LG-11012	Seethawaka PS	012	LK-1	LK-11	LG-11006	[6.88498, 80.136787]
LG-11013	LG-11013	Homagama PS	013	LK-1	LK-11	LG-11005	[6.831278, 80.022395]
LG-12014	LG-12014	Negombo MC	014	LK-1	LK-12	LG-12001	[7.213224, 79.844835]
LG-12015	LG-12015	Gampaha MC	015	LK-1	LK-12	LG-12013	[7.092609, 80.023639]
LG-12016	LG-12016	Wattala Mabola UC	016	LK-1	LK-12	LG-12009	[6.989437, 79.893988]
LG-12017	LG-12017	Katunayaka Seeduwa UC	017	LK-1	LK-12	LG-12003	[7.155487, 79.878402]
LG-12018	LG-12018	Minuwangoda UC	018	LK-1	LK-12	LG-12007	[7.170673, 79.951487]
LG-12019	LG-12019	Ja Ela UC	019	LK-1	LK-12	LG-12011	[7.072181, 79.887066]
LG-12020	LG-12020	Peliyagoda UC	020	LK-1	LK-12	LG-12018	[6.962824, 79.889269]
LG-12021	LG-12021	Wattala PS	021	LK-1	LK-12	LG-12008	[7.038927, 79.879816]
LG-12022	LG-12022	Katana PS	022	LK-1	LK-12	LG-12002	[7.206471, 79.893118]
LG-12023	LG-12023	Divulapitiya PS	023	LK-1	LK-12	LG-12004	[7.254006, 80.007356]
LG-12024	LG-12024	Mirigama PS	024	LK-1	LK-12	LG-12005	[7.224957, 80.123625]
LG-12025	LG-12025	Minuwangoda PS	025	LK-1	LK-12	LG-12006	[7.154431, 79.979446]
LG-12026	LG-12026	Attanagalla PS	026	LK-1	LK-12	LG-12014	[7.114604, 80.110002]
LG-12027	LG-12027	Gampaha PS	027	LK-1	LK-12	LG-12012	[7.061558, 79.980074]
LG-12028	LG-12028	Ja Ela PS	028	LK-1	LK-12	LG-12010	[7.071591, 79.911966]
LG-12029	LG-12029	Mahara PS	029	LK-1	LK-12	LG-12016	[7.02963, 80.015565]
LG-12030	LG-12030	Dompe PS	030	LK-1	LK-12	LG-12015	[6.990666, 80.099049]
LG-12031	LG-12031	Biyagama PS	031	LK-1	LK-12	LG-12019	[6.968969, 79.978067]
LG-12032	LG-12032	Kelaniya PS	032	LK-1	LK-12	LG-12017	[6.971713, 79.914225]
LG-13033	LG-13033	Panadura UC	033	LK-1	LK-13	LG-13002	[6.713631, 79.911861]
LG-13034	LG-13034	Horana UC	034	LK-1	LK-13	LG-13005	[6.715514, 80.065364]
LG-13035	LG-13035	Kalutara MC	035	LK-1	LK-13	LG-13010	[6.578239, 79.965074]
LG-13036	LG-13036	Beruwala UC	036	LK-1	LK-13	LG-13012	[6.470133, 79.98477]
LG-13037	LG-13037	Panadura PS	037	LK-1	LK-13	LG-13001	[6.716223, 79.925242]
LG-13038	LG-13038	Bandaragama PS	038	LK-1	LK-13	LG-13003	[6.718942, 79.975337]
LG-13039	LG-13039	Horana PS	039	LK-1	LK-13	LG-13004	[6.760392, 80.100365]
LG-13040	LG-13040	Madurawala PS	040	LK-1	LK-13	LG-13007	[6.649362, 80.095827]
LG-13041	LG-13041	Bulathsinhala PS	041	LK-1	LK-13	LG-13006	[6.648438, 80.175247]
LG-13042	LG-13042	Mathugama PS	042	LK-1	LK-13	LG-13014	[6.48838, 80.090754]
LG-13043	LG-13043	Dodangoda PS	043	LK-1	LK-13	LG-13013	[6.570909, 80.046101]
LG-13044	LG-13044	Kalutara PS	044	LK-1	LK-13	LG-13009	[6.623303, 79.972627]
LG-13045	LG-13045	Beruwala PS	045	LK-1	LK-13	LG-13011	[6.490261, 80.006187]
LG-13046	LG-13046	Palindanuwara PS	046	LK-1	LK-13	LG-13016	[6.50599, 80.273869]
LG-13047	LG-13047	Agalawaththa PS	047	LK-1	LK-13	LG-13015	[6.514771, 80.174664]
LG-13048	LG-13048	Millaniya PS	048	LK-1	LK-13	LG-13008	[6.658413, 80.031844]
LG-13049	LG-13049	Walallawita PS	049	LK-1	LK-13	LG-13017	[6.407344, 80.186866]
LG-21050	LG-21050	Kandy MC	050	LK-2	LK-21	LG-21006	[7.291316, 80.630641]
LG-21051	LG-21051	Wattegama UC	051	LK-2	LK-21	LG-21005	[7.351229, 80.678676]
LG-21052	LG-21052	Kadugannawa UC	052	LK-2	LK-21	LG-21015	[7.261433, 80.534785]
LG-21053	LG-21053	Gampola UC	053	LK-2	LK-21	LG-21019	[7.168177, 80.56557]
LG-21054	LG-21054	Nawalapitiya UC	054	LK-2	LK-21	LG-21022	[7.045448, 80.541417]
LG-21055	LG-21055	Thumpane PS	055	LK-2	LK-21	LG-21001	[7.34677, 80.495324]
LG-21056	LG-21056	Harispattuwa PS	056	LK-2	LK-21	LG-21013	[7.328293, 80.587523]
LG-21057	LG-21057	Akurana PS	057	LK-2	LK-21	LG-21003	[7.390799, 80.618482]
LG-21058	LG-21058	Poojapitiya PS	058	LK-2	LK-21	LG-21002	[7.4005, 80.566051]
LG-21059	LG-21059	Pathadumbara PS	059	LK-2	LK-21	LG-21004	[7.348872, 80.65797]
LG-21060	LG-21060	Panwila PS	060	LK-2	LK-21	LG-21007	[7.409712, 80.740644]
LG-21061	LG-21061	Udadumbara PS	061	LK-2	LK-21	LG-21008	[7.329839, 80.875336]
LG-21062	LG-21062	Minipe PS	062	LK-2	LK-21	LG-21009	[7.346838, 80.949926]
LG-21063	LG-21063	Medadumbara PS	063	LK-2	LK-21	LG-21010	[7.302596, 80.800277]
LG-21064	LG-21064	Kundasale PS	064	LK-2	LK-21	LG-21011	[7.305342, 80.709708]
LG-21065	LG-21065	Pathahewaheta PS	065	LK-2	LK-21	LG-21018	[7.21207, 80.704519]
LG-21066	LG-21066	Kandy Four Gravets And Gangawata Korale PS	066	LK-2	LK-21	LG-21012	[7.257151, 80.64573]
LG-21067	LG-21067	Yatinuwara PS	067	LK-2	LK-21	LG-21014	[7.285178, 80.538547]
LG-21068	LG-21068	Udunuwara PS	068	LK-2	LK-21	LG-21016	[7.222983, 80.560215]
LG-21069	LG-21069	Udapalatha PS	069	LK-2	LK-21	LG-21017	[7.145205, 80.630249]
LG-21070	LG-21070	Ganga Ihala Korale PS	070	LK-2	LK-21	LG-21020	[7.110976, 80.515356]
LG-21071	LG-21071	Pasbage Korale PS	071	LK-2	LK-21	LG-21021	[7.015276, 80.535972]
LG-22072	LG-22072	Dambulla MC	072	LK-2	LK-22	LG-22003	[7.860176, 80.656769]
LG-22073	LG-22073	Matale MC	073	LK-2	LK-22	LG-22008	[7.469703, 80.622932]
LG-22074	LG-22074	Pallepola PS	074	LK-2	LK-22	LG-22005	[7.646754, 80.598686]
LG-22075	LG-22075	Galewela PS	075	LK-2	LK-22	LG-22001	[7.778478, 80.571068]
LG-22076	LG-22076	Dambulla PS	076	LK-2	LK-22	LG-22002	[7.877606, 80.728389]
LG-22077	LG-22077	Ambanganga Korale PS	077	LK-2	LK-22	LG-22009	[7.561394, 80.677634]
LG-22078	LG-22078	Naula PS	078	LK-2	LK-22	LG-22004	[7.687969, 80.708133]
LG-22079	LG-22079	Laggala Pallegama PS	079	LK-2	LK-22	LG-22010	[7.55578, 80.813991]
LG-22080	LG-22080	Wilgamuwa PS	080	LK-2	LK-22	LG-22011	[7.607741, 80.9329]
LG-22081	LG-22081	Matale PS	081	LK-2	LK-22	LG-22007	[7.548171, 80.630247]
LG-22082	LG-22082	Yatawatta PS	082	LK-2	LK-22	LG-22006	[7.549687, 80.5889]
LG-22083	LG-22083	Ukuwela PS	083	LK-2	LK-22	LG-22013	[7.429036, 80.637575]
LG-22084	LG-22084	Rattota PS	084	LK-2	LK-22	LG-22012	[7.485898, 80.686088]
LG-23085	LG-23085	Nuwara Eliya MC	085	LK-2	LK-23	LG-23008	[6.964231, 80.775159]
LG-23086	LG-23086	Hatton Dickoya UC	086	LK-2	LK-23	LG-23011	[6.887967, 80.573226]
LG-23087	LG-23087	Thalawakele Lindula UC	087	LK-2	LK-23	LG-23007	[6.929344, 80.672213]
LG-23088	LG-23088	Maskeliya PS	088	LK-2	LK-23	LG-23010	[6.818886, 80.562205]
LG-23089	LG-23089	Norwood PS	089	LK-2	LK-23	LG-23012	[6.817397, 80.661171]
LG-23090	LG-23090	Ambagamuwa PS	090	LK-2	LK-23	LG-23009	[6.913756, 80.517276]
LG-23091	LG-23091	Agarapathana PS	091	LK-2	LK-23	LG-23005	[6.864287, 80.70951]
LG-23092	LG-23092	Kotagala PS	092	LK-2	LK-23	LG-23004	[6.945245, 80.638886]
LG-23093	LG-23093	Nuwaraeliya PS	093	LK-2	LK-23	LG-23006	[6.91439, 80.778661]
LG-23094	LG-23094	Kothmale PS	094	LK-2	LK-23	LG-23001	[7.039129, 80.65528]
LG-23095	LG-23095	Hanguranketha PS	095	LK-2	LK-23	LG-23002	[7.119636, 80.777991]
LG-23096	LG-23096	Walapane PS	096	LK-2	LK-23	LG-23003	[7.093551, 80.886836]
LG-31097	LG-31097	Galle MC	097	LK-3	LK-31	LG-31016	[6.048472, 80.215499]
LG-31098	LG-31098	Ambalangoda UC	098	LK-3	LK-31	LG-31011	[6.243161, 80.066273]
LG-31099	LG-31099	Hikkaduwa UC	099	LK-3	LK-31	LG-31014	[6.128471, 80.120963]
LG-31100	LG-31100	Balapitiya PS	100	LK-3	LK-31	LG-31002	[6.314061, 80.051154]
LG-31101	LG-31101	Ambalangoda PS	101	LK-3	LK-31	LG-31012	[6.19885, 80.11731]
LG-31102	LG-31102	Welivitiya Divithura PS	102	LK-3	LK-31	LG-31010	[6.20638, 80.180328]
LG-31103	LG-31103	Karandeniya PS	103	LK-3	LK-31	LG-31003	[6.301087, 80.100619]
LG-31104	LG-31104	Bentota PS	104	LK-3	LK-31	LG-31001	[6.386772, 80.055454]
LG-31105	LG-31105	Elpitiya PS	105	LK-3	LK-31	LG-31004	[6.290278, 80.18659]
LG-31106	LG-31106	Neluwa PS	106	LK-3	LK-31	LG-31007	[6.360284, 80.410713]
LG-31107	LG-31107	Thawalama PS	107	LK-3	LK-31	LG-31006	[6.292959, 80.355584]
LG-31108	LG-31108	Nagoda PS	108	LK-3	LK-31	LG-31008	[6.19974, 80.312901]
LG-31109	LG-31109	Niyagama PS	109	LK-3	LK-31	LG-31005	[6.302458, 80.252338]
LG-31110	LG-31110	Baddegama PS	110	LK-3	LK-31	LG-31009	[6.136858, 80.220557]
LG-31111	LG-31111	Yakkalamulla PS	111	LK-3	LK-31	LG-31018	[6.106636, 80.359402]
LG-31112	LG-31112	Rajgama PS	112	LK-3	LK-31	LG-31013	[6.143386, 80.122833]
LG-31113	LG-31113	Akmeemana PS	113	LK-3	LK-31	LG-31017	[6.059003, 80.283624]
LG-31114	LG-31114	Bope Poddala PS	114	LK-3	LK-31	LG-31015	[6.082467, 80.211859]
LG-31115	LG-31115	Imaduwa PS	115	LK-3	LK-31	LG-31019	[6.032726, 80.357797]
LG-31116	LG-31116	Habaraduwa PS	116	LK-3	LK-31	LG-31020	[6.001453, 80.320156]
LG-32117	LG-32117	Matara MC	117	LK-3	LK-32	LG-32015	[5.953376, 80.538005]
LG-32118	LG-32118	Weligama UC	118	LK-3	LK-32	LG-32013	[5.970843, 80.422032]
LG-32119	LG-32119	Pitabeddara PS	119	LK-3	LK-32	LG-32001	[6.239243, 80.472722]
LG-32120	LG-32120	Kotapola PS	120	LK-3	LK-32	LG-32002	[6.322861, 80.539399]
LG-32121	LG-32121	Kirinda Puhulwella PS	121	LK-3	LK-32	LG-32011	[6.04612, 80.637126]
LG-32122	LG-32122	Mulatiyana PS	122	LK-3	LK-32	LG-32004	[6.146915, 80.586508]
LG-32123	LG-32123	Pasgoda PS	123	LK-3	LK-32	LG-32003	[6.275885, 80.608357]
LG-32124	LG-32124	Athuraliya PS	124	LK-3	LK-32	LG-32005	[6.117276, 80.508634]
LG-32125	LG-32125	Akuressa PS	125	LK-3	LK-32	LG-32006	[6.135035, 80.439998]
LG-32126	LG-32126	Malimbada PS	126	LK-3	LK-32	LG-32008	[6.019429, 80.498261]
LG-32127	LG-32127	Hakmana PS	127	LK-3	LK-32	LG-32010	[6.094866, 80.65004]
LG-32128	LG-32128	Kamburupitiya PS	128	LK-3	LK-32	LG-32009	[6.066378, 80.561383]
LG-32129	LG-32129	Thihagoda PS	129	LK-3	LK-32	LG-32012	[6.009613, 80.560316]
LG-32130	LG-32130	Devinuwara PS	130	LK-3	LK-32	LG-32016	[5.975777, 80.614817]
LG-32131	LG-32131	Dickwella PS	131	LK-3	LK-32	LG-32017	[5.985144, 80.673631]
LG-32132	LG-32132	Matara PS	132	LK-3	LK-32	LG-32014	[5.96997, 80.57963]
LG-32133	LG-32133	Weligama PS	133	LK-3	LK-32	LG-32007	[5.99903, 80.441518]
LG-33134	LG-33134	Hambantota MC	134	LK-3	LK-33	LG-33005	[6.166069, 81.124905]
LG-33135	LG-33135	Tangalle UC	135	LK-3	LK-33	LG-33012	[6.031009, 80.794902]
LG-33136	LG-33136	Weeraketiya PS	136	LK-3	LK-33	LG-33008	[6.167316, 80.742858]
LG-33137	LG-33137	Katuwana PS	137	LK-3	LK-33	LG-33009	[6.241719, 80.694113]
LG-33138	LG-33138	Beliatta PS	138	LK-3	LK-33	LG-33010	[6.051035, 80.72053]
LG-33139	LG-33139	Tangalle PS	139	LK-3	LK-33	LG-33011	[6.072751, 80.826762]
LG-33140	LG-33140	Angunakolapelessa PS	140	LK-3	LK-33	LG-33007	[6.19318, 80.851912]
LG-33141	LG-33141	Ambalantota PS	141	LK-3	LK-33	LG-33006	[6.161052, 80.963092]
LG-33142	LG-33142	Thissamaharama PS	142	LK-3	LK-33	LG-33003	[6.380423, 81.45357]
LG-33143	LG-33143	Sooriyawewa PS	143	LK-3	LK-33	LG-33001	[6.291738, 81.014106]
LG-33144	LG-33144	Hambantota PS	144	LK-3	LK-33	LG-33004	[6.217265, 81.120521]
LG-33145	LG-33145	Lunugamwehera PS	145	LK-3	LK-33	LG-33002	[6.33206, 81.166344]
LG-41146	LG-41146	Jaffna MC	146	LK-4	LK-41	LG-41015	[9.667781, 80.029396]
LG-41147	LG-41147	Valvettithurai UC	147	LK-4	LK-41	LG-41009	[9.818653, 80.153699]
LG-41148	LG-41148	Point Pedro UC	148	LK-4	LK-41	LG-41011	[9.820361, 80.241603]
LG-41149	LG-41149	Chavakachcheri UC	149	LK-4	LK-41	LG-41013	[9.666668, 80.16299]
LG-41150	LG-41150	Karainagar PS	150	LK-4	LK-41	LG-41002	[9.735372, 79.875397]
LG-41151	LG-41151	Kayts PS	151	LK-4	LK-41	LG-41001	[9.675509, 79.849934]
LG-41152	LG-41152	Delft PS	152	LK-4	LK-41	LG-41017	[9.510374, 79.687714]
LG-41153	LG-41153	Velanai PS	153	LK-4	LK-41	LG-41016	[9.621494, 79.892911]
LG-41154	LG-41154	Valikamam West PS	154	LK-4	LK-41	LG-41003	[9.741462, 79.945935]
LG-41155	LG-41155	Walikamam North PS	155	LK-4	LK-41	LG-41005	[9.788953, 80.040743]
LG-41156	LG-41156	Walikamam South West PS	156	LK-4	LK-41	LG-41004	[9.750608, 79.980903]
LG-41157	LG-41157	Walikamam South PS	157	LK-4	LK-41	LG-41006	[9.744412, 80.034442]
LG-41158	LG-41158	Walikamam East PS	158	LK-4	LK-41	LG-41007	[9.740129, 80.093314]
LG-41159	LG-41159	Wadamarachchi South West PS	159	LK-4	LK-41	LG-41008	[9.779397, 80.18617]
LG-41160	LG-41160	Point Pedro PS	160	LK-4	LK-41	LG-41010	[9.65496, 80.373028]
LG-41161	LG-41161	Chawakachcheri PS	161	LK-4	LK-41	LG-41012	[9.673837, 80.194208]
LG-41162	LG-41162	Nallur PS	162	LK-4	LK-41	LG-41014	[9.665833, 80.056917]
LG-42166	LG-42166	Mannar UC	166	LK-4	LK-42	LG-42002	[8.979362, 79.896172]
LG-42167	LG-42167	Mannar PS	167	LK-4	LK-42	LG-42001	[8.992361, 79.885553]
LG-42168	LG-42168	Nanattan PS	168	LK-4	LK-42	LG-42004	[8.790805, 80.065239]
LG-42169	LG-42169	Musali PS	169	LK-4	LK-42	LG-42005	[8.676405, 80.020706]
LG-42170	LG-42170	Manthai West PS	170	LK-4	LK-42	LG-42003	[8.963867, 80.167526]
LG-43171	LG-43171	Vavuniya MC	171	LK-4	LK-43	LG-43004	[8.755121, 80.493757]
LG-43172	LG-43172	Vavuniya North PS	172	LK-4	LK-43	LG-43001	[9.007359, 80.568786]
LG-43173	LG-43173	Vengalasettikulam PS	173	LK-4	LK-43	LG-43005	[8.692202, 80.296924]
LG-43174	LG-43174	Vavuniya South Tamil PS	174	LK-4	LK-43	LG-43003	[8.838141, 80.454455]
LG-43175	LG-43175	Vavuniya South Sinhala PS	175	LK-4	LK-43	LG-43002	[8.736457, 80.513666]
LG-44176	LG-44176	Manthai East PS	176	LK-4	LK-44	LG-44002	[9.052861, 80.309584]
LG-44177	LG-44177	Thunukkai PS	177	LK-4	LK-44	LG-44001	[9.221403, 80.286938]
LG-44178	LG-44178	Puthukkudiyiruppu PS	178	LK-4	LK-44	LG-44003	[9.211583, 80.580966]
LG-44179	LG-44179	Maritime Pattu PS	179	LK-4	LK-44	LG-44004	[9.146073, 80.79507]
LG-45163	LG-45163	Pachchilaippalli PS	163	LK-4	LK-45	LG-45001	[9.587893, 80.35663]
LG-45164	LG-45164	Karachchi PS	164	LK-4	LK-45	LG-45002	[9.401568, 80.41834]
LG-45165	LG-45165	Poonakary PS	165	LK-4	LK-45	LG-45003	[9.383997, 80.180377]
LG-51180	LG-51180	Batticaloa MC	180	LK-5	LK-51	LG-51006	[7.723674, 81.688092]
LG-51181	LG-51181	Eravur UC	181	LK-5	LK-51	LG-51005	[7.777229, 81.605243]
LG-51182	LG-51182	Kaththankudi UC	182	LK-5	LK-51	LG-51008	[7.682748, 81.73212]
LG-51183	LG-51183	Eravur Pattu PS	183	LK-5	LK-51	LG-51004	[7.710045, 81.468166]
LG-51184	LG-51184	Koralai Pattu PS	184	LK-5	LK-51	LG-51003	[7.850668, 81.407268]
LG-51185	LG-51185	Koralai Pattu West PS	185	LK-5	LK-51	LG-51002	[7.907034, 81.346746]
LG-51186	LG-51186	Koralai Pattu North PS	186	LK-5	LK-51	LG-51001	[8.081887, 81.393803]
LG-51187	LG-51187	Manmunai South And Eruvil Pattu PS	187	LK-5	LK-51	LG-51012	[7.521669, 81.791306]
LG-51188	LG-51188	Manmunai Pattu PS	188	LK-5	LK-51	LG-51009	[7.639401, 81.753366]
LG-51189	LG-51189	Manmunai West PS	189	LK-5	LK-51	LG-51007	[7.632148, 81.597281]
LG-51190	LG-51190	Mamunai South West PS	190	LK-5	LK-51	LG-51010	[7.564352, 81.654595]
LG-51191	LG-51191	Porthivu Pattu PS	191	LK-5	LK-51	LG-51011	[7.499589, 81.706805]
LG-52192	LG-52192	Kalmunai MC	192	LK-5	LK-52	LG-52009	[7.413089, 81.821285]
LG-52193	LG-52193	Akkaraipattu MC	193	LK-5	LK-52	LG-52015	[7.229947, 81.846879]
LG-52194	LG-52194	Ampara UC	194	LK-5	LK-52	LG-52006	[7.290724, 81.665222]
LG-52195	LG-52195	Dehiaththakandiya PS	195	LK-5	LK-52	LG-52001	[7.623936, 81.086794]
LG-52196	LG-52196	Damana PS	196	LK-5	LK-52	LG-52017	[7.136161, 81.626377]
LG-52197	LG-52197	Uhana PS	197	LK-5	LK-52	LG-52004	[7.397683, 81.594146]
LG-52198	LG-52198	Mahaoya PS	198	LK-5	LK-52	LG-52003	[7.562786, 81.348753]
LG-52199	LG-52199	Namaloya PS	199	LK-5	LK-52	LG-52005	[7.265495, 81.578455]
LG-52200	LG-52200	Padiyathalawa PS	200	LK-5	LK-52	LG-52002	[7.426948, 81.262254]
LG-52201	LG-52201	Navithanveli PS	201	LK-5	LK-52	LG-52007	[7.41321, 81.765564]
LG-52202	LG-52202	Sammanthurai PS	202	LK-5	LK-52	LG-52008	[7.327002, 81.763832]
LG-52203	LG-52203	Irakkamam PS	203	LK-5	LK-52	LG-52013	[7.24242, 81.729815]
LG-52204	LG-52204	Akkaraipattu PS	204	LK-5	LK-52	LG-52014	[7.213937, 81.775604]
LG-52205	LG-52205	Potuvil PS	205	LK-5	LK-52	LG-52019	[6.941704, 81.800157]
LG-52206	LG-52206	Addalachchenai PS	206	LK-5	LK-52	LG-52012	[7.273512, 81.821379]
LG-52207	LG-52207	Alayadiwembu PS	207	LK-5	LK-52	LG-52016	[7.177989, 81.801897]
LG-52208	LG-52208	Lahugala PS	208	LK-5	LK-52	LG-52020	[6.751389, 81.698623]
LG-52209	LG-52209	Karaitheevu PS	209	LK-5	LK-52	LG-52010	[7.371218, 81.836975]
LG-52210	LG-52210	Ninthavur PS	210	LK-5	LK-52	LG-52011	[7.331614, 81.840911]
LG-52211	LG-52211	Thirukkovil PS	211	LK-5	LK-52	LG-52018	[7.0767, 81.773098]
LG-53212	LG-53212	Trincomalee MC	212	LK-5	LK-53	LG-53006	[8.57113, 81.226551]
LG-53213	LG-53213	Kinniya UC	213	LK-5	LK-53	LG-53010	[8.487345, 81.187353]
LG-53214	LG-53214	Verugal PS	214	LK-5	LK-53	LG-53013	[8.297137, 81.347396]
LG-53215	LG-53215	Seruwila PS	215	LK-5	LK-53	LG-53012	[8.298205, 81.251466]
LG-53216	LG-53216	Kanthale PS	216	LK-5	LK-53	LG-53008	[8.345954, 81.056715]
LG-53217	LG-53217	Morawewa PS	217	LK-5	LK-53	LG-53004	[8.620077, 81.022286]
LG-53218	LG-53218	Gomarankadawala PS	218	LK-5	LK-53	LG-53003	[8.745845, 80.959443]
LG-53219	LG-53219	Padavi Sri Pura PS	219	LK-5	LK-53	LG-53001	[8.915612, 80.85212]
LG-53220	LG-53220	Trincomalee Town And Gravets PS	220	LK-5	LK-53	LG-53005	[8.584563, 81.16915]
LG-53221	LG-53221	Kuchchaveli PS	221	LK-5	LK-53	LG-53002	[8.80817, 81.047854]
LG-53222	LG-53222	Thambalagamuwa PS	222	LK-5	LK-53	LG-53007	[8.492791, 81.049535]
LG-53223	LG-53223	Muttur PS	223	LK-5	LK-53	LG-53011	[8.430437, 81.290462]
LG-53224	LG-53224	Kinniya PS	224	LK-5	LK-53	LG-53009	[8.429303, 81.16197]
LG-61225	LG-61225	Kurunegala MC	225	LK-6	LK-61	LG-61012	[7.487216, 80.364765]
LG-61226	LG-61226	Kuliyapitiya UC	226	LK-6	LK-61	LG-61017	[7.468898, 80.03536]
LG-61227	LG-61227	Giribawa PS	227	LK-6	LK-61	LG-61001	[8.104213, 80.183692]
LG-61228	LG-61228	Galgamuwa PS	228	LK-6	LK-61	LG-61002	[7.997588, 80.296809]
LG-61229	LG-61229	Polpithigama PS	229	LK-6	LK-61	LG-61005	[7.803197, 80.427562]
LG-61230	LG-61230	Nikaweratiya PS	230	LK-6	LK-61	LG-61004	[7.80372, 80.104124]
LG-61231	LG-61231	Kobeigane PS	231	LK-6	LK-61	LG-61008	[7.684314, 80.100883]
LG-61232	LG-61232	Mahawa PS	232	LK-6	LK-61	LG-61003	[7.841671, 80.267025]
LG-61233	LG-61233	Ibbagamuwa PS	233	LK-6	LK-61	LG-61006	[7.633611, 80.43063]
LG-61234	LG-61234	Wariyapola PS	234	LK-6	LK-61	LG-61007	[7.621638, 80.244193]
LG-61235	LG-61235	Panduwasnuwara PS	235	LK-6	LK-61	LG-61010	[7.584056, 80.101992]
LG-61236	LG-61236	Bingiriya PS	236	LK-6	LK-61	LG-61009	[7.606987, 79.969112]
LG-61237	LG-61237	Udubaddawa PS	237	LK-6	LK-61	LG-61018	[7.480298, 79.947132]
LG-61238	LG-61238	Pannala PS	238	LK-6	LK-61	LG-61019	[7.36268, 80.031353]
LG-61239	LG-61239	Kuliyapitiya PS	239	LK-6	LK-61	LG-61016	[7.471831, 80.102546]
LG-61240	LG-61240	Alawwa PS	240	LK-6	LK-61	LG-61021	[7.328946, 80.217342]
LG-61241	LG-61241	Narammala PS	241	LK-6	LK-61	LG-61020	[7.398001, 80.193654]
LG-61242	LG-61242	Polgahawela PS	242	LK-6	LK-61	LG-61015	[7.418582, 80.291438]
LG-61243	LG-61243	Kurunegala PS	243	LK-6	LK-61	LG-61011	[7.510827, 80.357652]
LG-61244	LG-61244	Mawathagama PS	244	LK-6	LK-61	LG-61013	[7.425132, 80.446323]
LG-61245	LG-61245	Rideegama PS	245	LK-6	LK-61	LG-61014	[7.517394, 80.518851]
LG-62246	LG-62246	Puttalam MC	246	LK-6	LK-62	LG-62006	[8.033556, 79.847099]
LG-62247	LG-62247	Chilaw UC	247	LK-6	LK-62	LG-62009	[7.578889, 79.793913]
LG-62248	LG-62248	Kalpitiya PS	248	LK-6	LK-62	LG-62001	[8.022241, 79.75942]
LG-62249	LG-62249	Puttalam PS	249	LK-6	LK-62	LG-62005	[7.956661, 79.853871]
LG-62250	LG-62250	Wanathawilluwa PS	250	LK-6	LK-62	LG-62002	[8.342887, 79.910412]
LG-62251	LG-62251	Karuwalagaswewa PS	251	LK-6	LK-62	LG-62003	[8.119794, 80.000451]
LG-62252	LG-62252	Nawagattegama PS	252	LK-6	LK-62	LG-62004	[8.011946, 80.088244]
LG-62253	LG-62253	Anamaduwa PS	253	LK-6	LK-62	LG-62008	[7.852192, 79.956937]
LG-62254	LG-62254	Arachchikattuwa PS	254	LK-6	LK-62	LG-62007	[7.697936, 79.851339]
LG-62255	LG-62255	Chilaw PS	255	LK-6	LK-62	LG-62010	[7.547583, 79.853887]
LG-62256	LG-62256	Nattandiya PS	256	LK-6	LK-62	LG-62011	[7.425416, 79.862468]
LG-62257	LG-62257	Wennappuwa PS	257	LK-6	LK-62	LG-62012	[7.322127, 79.887986]
LG-71258	LG-71258	Anuradhapura MC	258	LK-7	LK-71	LG-71005	[8.338613, 80.406112]
LG-71259	LG-71259	Medawachchiya PS	259	LK-7	LK-71	LG-71003	[8.588659, 80.496943]
LG-71260	LG-71260	Rambewa PS	260	LK-7	LK-71	LG-71006	[8.475728, 80.550657]
LG-71261	LG-71261	Kebithigollewa PS	261	LK-7	LK-71	LG-71002	[8.717653, 80.70923]
LG-71262	LG-71262	Padaviya PS	262	LK-7	LK-71	LG-71001	[8.851961, 80.784529]
LG-71263	LG-71263	Kahatagasdigiliya PS	263	LK-7	LK-71	LG-71007	[8.422803, 80.7116]
LG-71264	LG-71264	Horowpothana PS	264	LK-7	LK-71	LG-71008	[8.51213, 80.850711]
LG-71265	LG-71265	Galenbindunuweva PS	265	LK-7	LK-71	LG-71009	[8.266313, 80.706992]
LG-71266	LG-71266	Thalawa PS	266	LK-7	LK-71	LG-71015	[8.180074, 80.357646]
LG-71267	LG-71267	Nuwaragampalatha East PS	267	LK-7	LK-71	LG-71011	[8.276244, 80.427182]
LG-71268	LG-71268	Nuwaragampalatha Central PS	268	LK-7	LK-71	LG-71004	[8.495534, 80.242808]
LG-71269	LG-71269	Nochchiyagama PS	269	LK-7	LK-71	LG-71013	[8.332071, 80.124772]
LG-71270	LG-71270	Rajanganaya PS	270	LK-7	LK-71	LG-71014	[8.182839, 80.184194]
LG-71271	LG-71271	Galnewa PS	271	LK-7	LK-71	LG-71016	[8.030264, 80.435458]
LG-71272	LG-71272	Ipalogama PS	272	LK-7	LK-71	LG-71018	[8.085965, 80.507877]
LG-71273	LG-71273	Mihintale PS	273	LK-7	LK-71	LG-71010	[8.34996, 80.545444]
LG-71274	LG-71274	Thirappane PS	274	LK-7	LK-71	LG-71012	[8.20797, 80.549112]
LG-71275	LG-71275	Kekirawa PS	275	LK-7	LK-71	LG-71017	[8.067228, 80.659319]
LG-71276	LG-71276	Palagala PS	276	LK-7	LK-71	LG-71019	[7.906171, 80.537801]
LG-72277	LG-72277	Polonnaruwa MC	277	LK-7	LK-72	LG-72007	[7.922672, 81.004994]
LG-72278	LG-72278	Elahera PS	278	LK-7	LK-72	LG-72008	[7.809039, 80.841815]
LG-72279	LG-72279	Hingurakgoda PS	279	LK-7	LK-72	LG-72001	[8.105402, 80.871855]
LG-72280	LG-72280	Medirigiriya PS	280	LK-7	LK-72	LG-72002	[8.184528, 81.040361]
LG-72281	LG-72281	Lankapura PS	281	LK-7	LK-72	LG-72003	[8.056455, 81.095277]
LG-72282	LG-72282	Welikanda PS	282	LK-7	LK-72	LG-72004	[8.041277, 81.234527]
LG-72283	LG-72283	Dimbulagala PS	283	LK-7	LK-72	LG-72005	[7.788259, 81.123945]
LG-72284	LG-72284	Polonnaruwa PS	284	LK-7	LK-72	LG-72006	[7.868402, 80.986181]
LG-81285	LG-81285	Badulla MC	285	LK-8	LK-81	LG-81008	[6.989464, 81.057626]
LG-81286	LG-81286	Bandarawela MC	286	LK-8	LK-81	LG-81014	[6.839607, 80.985094]
LG-81287	LG-81287	Haputhale UC	287	LK-8	LK-81	LG-81017	[6.781427, 80.959211]
LG-81288	LG-81288	Mahiyangana PS	288	LK-8	LK-81	LG-81001	[7.438558, 81.083196]
LG-81289	LG-81289	Rideemaliyadda PS	289	LK-8	LK-81	LG-81002	[7.273958, 81.128715]
LG-81290	LG-81290	Soranathota PS	290	LK-8	LK-81	LG-81005	[7.04563, 81.049521]
LG-81291	LG-81291	Meegahakivula PS	291	LK-8	LK-81	LG-81003	[7.125471, 81.083227]
LG-81292	LG-81292	Kandaketiya PS	292	LK-8	LK-81	LG-81004	[7.130739, 80.994074]
LG-81293	LG-81293	Passara PS	293	LK-8	LK-81	LG-81006	[6.965022, 81.147937]
LG-81294	LG-81294	Lunugala PS	294	LK-8	LK-81	LG-81007	[7.038373, 81.188135]
LG-81295	LG-81295	Badulla PS	295	LK-8	LK-81	LG-81009	[6.98534, 81.097466]
LG-81296	LG-81296	Hali Ela PS	296	LK-8	LK-81	LG-81010	[6.945038, 81.020139]
LG-81297	LG-81297	Uva Paranagama PS	297	LK-8	LK-81	LG-81011	[6.966606, 80.917512]
LG-81298	LG-81298	Welimada PS	298	LK-8	LK-81	LG-81012	[6.85996, 80.880949]
LG-81299	LG-81299	Bandarawela PS	299	LK-8	LK-81	LG-81013	[6.825607, 81.017726]
LG-81300	LG-81300	Ella PS	300	LK-8	LK-81	LG-81015	[6.86821, 81.067581]
LG-81301	LG-81301	Haputale PS	301	LK-8	LK-81	LG-81016	[6.794407, 80.963578]
LG-81302	LG-81302	Haldummulla PS	302	LK-8	LK-81	LG-81018	[6.700947, 80.964469]
LG-82303	LG-82303	Bibila PS	303	LK-8	LK-82	LG-82001	[7.189262, 81.296916]
LG-82304	LG-82304	Medagama PS	304	LK-8	LK-82	LG-82003	[7.05262, 81.29259]
LG-82305	LG-82305	Madulla PS	305	LK-8	LK-82	LG-82002	[7.159372, 81.429896]
LG-82306	LG-82306	Siyabalanduwa PS	306	LK-8	LK-82	LG-82004	[6.850997, 81.526674]
LG-82307	LG-82307	Monaragala PS	307	LK-8	LK-82	LG-82005	[6.831522, 81.355555]
LG-82308	LG-82308	Badalkumbura PS	308	LK-8	LK-82	LG-82006	[6.869997, 81.216918]
LG-82309	LG-82309	Buttala PS	309	LK-8	LK-82	LG-82008	[6.655175, 81.294732]
LG-82310	LG-82310	Kataragama PS	310	LK-8	LK-82	LG-82009	[6.497924, 81.411125]
LG-82311	LG-82311	Wellawaya PS	311	LK-8	LK-82	LG-82007	[6.612795, 81.123411]
LG-82312	LG-82312	Thanamalwila PS	312	LK-8	LK-82	LG-82010	[6.467936, 80.99571]
LG-91313	LG-91313	Ratnapura MC	313	LK-9	LK-91	LG-91004	[6.688364, 80.412228]
LG-91314	LG-91314	Balangoda UC	314	LK-9	LK-91	LG-91006	[6.647493, 80.704647]
LG-91315	LG-91315	Embilipitiya UC	315	LK-9	LK-91	LG-91016	[6.327833, 80.863005]
LG-91316	LG-91316	Eheliyagoda PS	316	LK-9	LK-91	LG-91001	[6.837496, 80.227538]
LG-91317	LG-91317	Ratnapura PS	317	LK-9	LK-91	LG-91003	[6.735635, 80.492557]
LG-91318	LG-91318	Kuruwita PS	318	LK-9	LK-91	LG-91002	[6.785579, 80.33067]
LG-91319	LG-91319	Pelmadulla PS	319	LK-9	LK-91	LG-91009	[6.635656, 80.510086]
LG-91320	LG-91320	Balangoda PS	320	LK-9	LK-91	LG-91007	[6.628206, 80.77288]
LG-91321	LG-91321	Imbulpe PS	321	LK-9	LK-91	LG-91005	[6.715205, 80.738024]
LG-91322	LG-91322	Godakawela PS	322	LK-9	LK-91	LG-91014	[6.4992, 80.641571]
LG-91323	LG-91323	Kahawatta PS	323	LK-9	LK-91	LG-91013	[6.528196, 80.545651]
LG-91324	LG-91324	Weligepola PS	324	LK-9	LK-91	LG-91008	[6.561401, 80.711803]
LG-91325	LG-91325	Niwitigala PS	325	LK-9	LK-91	LG-91010	[6.60307, 80.420606]
LG-91326	LG-91326	Ayagama PS	326	LK-9	LK-91	LG-91011	[6.652552, 80.290211]
LG-91327	LG-91327	Kalawana PS	327	LK-9	LK-91	LG-91012	[6.464411, 80.452266]
LG-91328	LG-91328	Embilipitiya PS	328	LK-9	LK-91	LG-91015	[6.358671, 80.80727]
LG-91329	LG-91329	Kolonna PS	329	LK-9	LK-91	LG-91017	[6.389909, 80.681586]
LG-92330	LG-92330	Kegalle MC	330	LK-9	LK-92	LG-92005	[7.252415, 80.349587]
LG-92331	LG-92331	Warakapola PS	331	LK-9	LK-92	LG-92007	[7.203734, 80.231718]
LG-92332	LG-92332	Galigamuwa PS	332	LK-9	LK-92	LG-92006	[7.215606, 80.30541]
LG-92333	LG-92333	Kegalle PS	333	LK-9	LK-92	LG-92004	[7.205008, 80.369917]
LG-92334	LG-92334	Rambukkana PS	334	LK-9	LK-92	LG-92001	[7.323122, 80.386388]
LG-92335	LG-92335	Mawanella PS	335	LK-9	LK-92	LG-92002	[7.22989, 80.473884]
LG-92336	LG-92336	Aranayaka PS	336	LK-9	LK-92	LG-92003	[7.165242, 80.444047]
LG-92337	LG-92337	Yatiyantotoa PS	337	LK-9	LK-92	LG-92010	[7.028376, 80.369524]
LG-92338	LG-92338	Bulatkohupitiya PS	338	LK-9	LK-92	LG-92009	[7.097348, 80.358286]
LG-92339	LG-92339	Ruwanwella PS	339	LK-9	LK-92	LG-92008	[7.063652, 80.218767]
LG-92340	LG-92340	Deraniyagala PS	340	LK-9	LK-92	LG-92012	[6.90682, 80.402205]
LG-92341	LG-92341	Dehiowita PS	341	LK-9	LK-92	LG-92011	[6.939028, 80.280895]
